{
    "_id" : "INFILChoice PlusSilverPPO 1100/0.8",
    "state" : "IL",
    "network" : "Choice Plus",
    "metallicType" : "Silver",
    "effectiveStartDate" : "01/01/2019",
    "effectiveEndDate" : "12/31/2019",
    "productType" : "PPO",
    "inNetwork" : {
        "planCostSharesIndividual" : {
            "deductible" : 2500.0,
            "coinsurance" : 0.0,
            "perVisitCopay" : 50.0,
            "outOfPocketMaxLimit" : 6550.0
        },
        "emergencyRoom" : {
            "copay" : 400.0,
            "coinsurance" : 1.0
        },
        "urgentCare" : {
            "copay" : 0.0,
            "coinsurance" : 1.0
        },
        "inPatientServices" : {
            "Copay" : 0.0,
            "coinsurance" : 1.0
        },
        "pharmacy" : {
            "genericDrugCopay" : 75.0,
            "formularyDrugCopay" : 10.0,
            "rxDeductibleintegeratedwithMedical" : "Yes"
        },
        "diagnosticServices" : {
            "labCopay" : 0.0,
            "xrayCopay" : 0.0
        },
        "mentalBehavioralHealthBenefits" : {
            "oPMHSACopay" : 0.0,
            "iPMHSACopay" : 0.0
        },
        "diseaseManagementPrograms" : {
            "homeHealthCenterVisitsLimit" : 30.0,
            "skilledNursingFacilityVisitsLimit" : 30.0
        },
        "therapeuticsRehabiltativeServices" : {
            "acupunctureCostSharing" : 0.5,
            "acupunctureVisitsLimit" : 100.0,
            "oTPTSTCostSharing" : 0.7,
            "oTPTSTVisitsLimit" : 30.0,
            "chiroCostSharing" : 0.5,
            "chiroVisitsLimit" : 30.0
        }
    },
    "outOfNetwork" : {
        "planCostSharesIndividual" : {
            "deductible" : 5500.0,
            "coinsurance" : 0.0,
            "perVisitCopay" : 50.0,
            "outOfPocketMaxLimit" : 10000.0
        },
        "emergencyRoom" : {
            "copay" : 1600.0,
            "coinsurance" : 0.8
        },
        "urgentCare" : {
            "copay" : 0.0,
            "coinsurance" : 1.0
        },
        "inPatientServices" : {
            "Copay" : 0.0,
            "coinsurance" : 0.0
        },
        "pharmacy" : {
            "genericDrugCopay" : 1.0,
            "formularyDrugCopay" : 1.0,
            "rxDeductibleintegeratedwithMedical" : "Yes"
        },
        "diagnosticServices" : {
            "labCopay" : 0.0,
            "xrayCopay" : 0.0
        },
        "mentalBehavioralHealthBenefits" : {
            "oPMHSACopay" : 150.0,
            "iPMHSACopay" : 30.0
        },
        "diseaseManagementPrograms" : {
            "homeHealthCenterVisitsLimit" : 0.0,
            "skilledNursingFacilityVisitsLimit" : 5.0
        },
        "therapeuticsRehabiltativeServices" : {
            "complexChronicCareManagement" : 0.5,
            "hospitalBenefitManagement" : 5.0,
            "acupunctureCostSharing" : 0.7,
            "acupunctureVisitsLimit" : 5.0,
            "oTPTSTCostSharing" : 0.5,
            "oTPTSTVisitsLimit" : 5.0,
            "chiroCostSharing" : 0.75,
            "chiroVisitsLimit" : 5.0
        }
    }
}
